epoch,time,train/box_loss,train/pose_loss,train/kobj_loss,train/cls_loss,train/dfl_loss,metrics/precision(B),metrics/recall(B),metrics/mAP50(B),metrics/mAP50-95(B),metrics/precision(P),metrics/recall(P),metrics/mAP50(P),metrics/mAP50-95(P),val/box_loss,val/pose_loss,val/kobj_loss,val/cls_loss,val/dfl_loss,lr/pg0,lr/pg1,lr/pg2
1,18.5223,1.74291,8.99793,0.71274,2.15677,1.93882,0.80478,0.51786,0.57902,0.43183,0.05176,0.08929,0.0091,0.00518,1.12193,9.61444,0.69618,1.17318,1.59141,0.00064,0.00064,0.00064
2,23.1467,1.22215,7.72081,0.69531,1.08835,1.53977,0.75973,0.64286,0.69319,0.45313,0.20384,0.125,0.04814,0.01785,1.07924,8.23805,0.77232,1.6491,1.69699,0.00129816,0.00129816,0.00129816
3,27.835,1.19031,7.35166,0.65215,1.03635,1.47525,0.67379,0.64286,0.67305,0.44969,0.14894,0.14286,0.03561,0.00997,1.05963,8.1003,0.74379,1.6549,1.8355,0.00195446,0.00195446,0.00195446
4,32.5551,1.13147,6.64001,0.6105,0.98096,1.44033,0.78779,0.53044,0.61306,0.44719,0.1673,0.25,0.07236,0.01758,1.12754,6.72643,0.69379,2.33326,1.67377,0.00199151,0.00199151,0.00199151
5,37.2033,1.09907,6.44527,0.59127,0.99728,1.42311,0.8592,0.76287,0.78259,0.57014,0.42594,0.26786,0.14534,0.0388,0.98972,6.69271,0.72152,0.96654,1.54776,0.00198869,0.00198869,0.00198869
6,41.8725,1.06589,6.09698,0.57403,0.94104,1.38598,0.90776,0.64286,0.76618,0.59926,0.47999,0.32143,0.22588,0.07112,0.86941,5.81034,0.65074,1.4391,1.39886,0.00198586,0.00198586,0.00198586
7,46.5585,1.0483,5.88883,0.5769,0.95658,1.38402,0.87595,0.67857,0.75643,0.54286,0.6482,0.5,0.45037,0.21971,0.9546,5.08166,0.63169,1.19461,1.51015,0.00198303,0.00198303,0.00198303
8,51.29,1.01473,5.74344,0.56864,0.90114,1.35296,0.83926,0.66071,0.75493,0.56413,0.6143,0.42857,0.43273,0.16909,0.96489,5.52563,0.62682,1.28394,1.39475,0.0019802,0.0019802,0.0019802
9,56.0062,1.00841,5.36056,0.56097,0.8988,1.35225,0.93695,0.64286,0.7595,0.55658,0.57163,0.375,0.30151,0.13411,0.99574,5.5231,0.65427,1.33273,1.4816,0.00197737,0.00197737,0.00197737
10,60.7605,1.00462,5.28735,0.55647,0.89751,1.3587,0.93724,0.67857,0.80772,0.63001,0.79428,0.53571,0.51688,0.34453,0.87566,4.4793,0.62049,0.80386,1.31129,0.00197454,0.00197454,0.00197454
11,65.4879,0.95241,5.33215,0.55377,0.86157,1.31173,0.86786,0.64286,0.74319,0.60391,0.70635,0.51786,0.52867,0.32772,0.80916,4.58875,0.58678,0.98895,1.30785,0.00197171,0.00197171,0.00197171
12,70.214,0.95805,5.11536,0.54848,0.85734,1.32262,0.92965,0.67857,0.81968,0.66212,0.74391,0.5,0.48258,0.28284,0.80391,4.54499,0.60852,0.78687,1.25971,0.00196889,0.00196889,0.00196889
13,74.9081,0.93139,5.07028,0.55322,0.84432,1.29655,0.85255,0.61961,0.74862,0.57486,0.70136,0.50331,0.53042,0.30245,0.90222,4.99157,0.60671,1.25575,1.37869,0.00196606,0.00196606,0.00196606
14,79.6257,0.96427,4.85861,0.55148,0.85622,1.33154,0.96635,0.69643,0.79606,0.63913,0.71765,0.51786,0.49397,0.30546,0.71807,4.72701,0.60747,0.73475,1.2355,0.00196323,0.00196323,0.00196323
15,84.3052,0.92943,4.81722,0.54625,0.81015,1.28403,0.86446,0.68345,0.79724,0.62485,0.76455,0.51786,0.54113,0.36485,0.85434,4.69192,0.60127,0.7959,1.28742,0.0019604,0.0019604,0.0019604
16,89.062,0.88359,4.6184,0.54347,0.77308,1.25011,0.91948,0.69643,0.83383,0.66739,0.71284,0.53571,0.52044,0.38137,0.77097,4.41198,0.63878,0.78717,1.29606,0.00195757,0.00195757,0.00195757
17,93.7803,0.86771,4.59842,0.54861,0.76166,1.24368,0.95227,0.73214,0.83879,0.69804,0.82217,0.57143,0.57672,0.41126,0.69663,4.15733,0.58493,0.68591,1.19932,0.00195474,0.00195474,0.00195474
18,98.5105,0.87651,4.36135,0.53732,0.7799,1.25394,0.8122,0.78571,0.80737,0.69701,0.80071,0.53571,0.57131,0.3835,0.64019,4.0606,0.58561,0.75055,1.20266,0.00195191,0.00195191,0.00195191
19,103.216,0.85379,4.43359,0.54371,0.75653,1.22802,0.87332,0.78571,0.84718,0.69031,0.84727,0.625,0.6662,0.40008,0.7169,4.07408,0.58687,0.70074,1.19975,0.00194909,0.00194909,0.00194909
20,107.931,0.81142,4.35231,0.54312,0.73553,1.20843,0.80197,0.78571,0.80446,0.6332,0.66344,0.56331,0.55737,0.36145,0.83204,4.42857,0.58492,1.32256,1.26735,0.00194626,0.00194626,0.00194626
21,112.628,0.82112,4.28105,0.52776,0.75426,1.21192,0.97494,0.69487,0.86201,0.68871,0.82964,0.57143,0.59492,0.37441,0.72717,4.14733,0.60113,0.66653,1.19879,0.00194343,0.00194343,0.00194343
22,117.374,0.83796,4.19564,0.53134,0.75175,1.22549,0.86665,0.66071,0.80111,0.63922,0.78461,0.58929,0.57831,0.40729,0.77084,4.12831,0.58296,0.96349,1.27977,0.0019406,0.0019406,0.0019406
23,122.073,0.82313,4.14998,0.53039,0.72866,1.20072,0.88958,0.67857,0.80704,0.66686,0.64261,0.48214,0.46992,0.26261,0.73102,4.59402,0.57783,0.83843,1.21948,0.00193777,0.00193777,0.00193777
24,126.826,0.84947,4.19974,0.53878,0.74777,1.2228,0.90978,0.75,0.82999,0.67775,0.82552,0.57143,0.55506,0.35477,0.73246,4.19458,0.58042,0.7053,1.23809,0.00193494,0.00193494,0.00193494
25,131.57,0.81267,4.10569,0.52987,0.73824,1.19826,0.85845,0.7582,0.86186,0.69399,0.82018,0.58929,0.59472,0.40258,0.72457,3.89792,0.57131,0.65408,1.20023,0.00193211,0.00193211,0.00193211
26,136.256,0.79006,3.96796,0.52634,0.71115,1.19363,0.85915,0.76253,0.83535,0.67328,0.80877,0.60423,0.61433,0.42108,0.75055,3.97647,0.57646,0.71961,1.27265,0.00192929,0.00192929,0.00192929
27,140.927,0.80061,4.11172,0.52899,0.73145,1.19245,0.92915,0.7027,0.83123,0.69377,0.82485,0.58929,0.59256,0.41551,0.66406,3.98619,0.58682,0.62496,1.21189,0.00192646,0.00192646,0.00192646
28,145.637,0.8125,4.07897,0.53136,0.72647,1.20075,0.93941,0.66071,0.82723,0.67395,0.76611,0.53571,0.55291,0.37954,0.73559,4.31224,0.58003,0.76416,1.20484,0.00192363,0.00192363,0.00192363
29,150.352,0.8168,3.87378,0.52179,0.72972,1.20359,0.73273,0.8323,0.84803,0.67456,0.77387,0.55357,0.55432,0.36709,0.74679,4.06016,0.57075,0.79925,1.22927,0.0019208,0.0019208,0.0019208
30,155.03,0.81668,3.8437,0.52054,0.72458,1.20826,0.84065,0.84794,0.88097,0.71928,0.86544,0.57143,0.62843,0.43518,0.6723,3.67188,0.56568,0.64614,1.15609,0.00191797,0.00191797,0.00191797
31,159.802,0.79235,3.94186,0.52254,0.70753,1.18853,0.84743,0.79355,0.84283,0.70936,0.70392,0.59443,0.59882,0.3883,0.62858,4.20457,0.57259,0.68295,1.159,0.00191514,0.00191514,0.00191514
32,164.552,0.76594,3.7421,0.51751,0.66913,1.16904,0.92681,0.76786,0.84327,0.7108,0.76594,0.60714,0.63699,0.4544,0.703,3.76722,0.58005,0.54742,1.25214,0.00191231,0.00191231,0.00191231
33,169.233,0.77483,3.67133,0.51149,0.69743,1.1628,0.92057,0.76786,0.8571,0.73931,0.74901,0.69283,0.67885,0.5015,0.61485,3.67061,0.5729,0.57237,1.14717,0.00190949,0.00190949,0.00190949
34,173.985,0.74905,3.65138,0.51841,0.6763,1.15582,0.87324,0.86118,0.8692,0.74052,0.84377,0.60714,0.6186,0.41734,0.61243,3.81281,0.5671,0.53627,1.17507,0.00190666,0.00190666,0.00190666
35,178.691,0.74283,3.49702,0.52004,0.66238,1.14952,0.91529,0.76786,0.84685,0.72075,0.83512,0.57143,0.56082,0.40578,0.64941,4.17242,0.56235,0.56533,1.15896,0.00190383,0.00190383,0.00190383
36,183.411,0.74269,3.59578,0.51299,0.64717,1.14818,0.97824,0.80277,0.9058,0.76925,0.87207,0.58929,0.65389,0.48862,0.65867,3.74434,0.56424,0.5604,1.14416,0.001901,0.001901,0.001901
37,188.148,0.73812,3.42454,0.50905,0.64997,1.14724,0.89894,0.83929,0.8814,0.72391,0.83583,0.57143,0.58737,0.41862,0.64283,3.97305,0.57135,0.59514,1.16266,0.00189817,0.00189817,0.00189817
38,192.854,0.75549,3.55588,0.51303,0.66136,1.15711,0.88767,0.84673,0.88992,0.73403,0.8811,0.625,0.65773,0.44974,0.66062,3.67898,0.56501,0.56145,1.16415,0.00189534,0.00189534,0.00189534
39,197.525,0.75328,3.66844,0.51251,0.64909,1.14674,0.93282,0.744,0.85375,0.71535,0.8493,0.60388,0.61854,0.4785,0.69426,3.75631,0.5564,0.56854,1.22585,0.00189251,0.00189251,0.00189251
40,202.244,0.75083,3.39191,0.51547,0.64497,1.13879,0.90274,0.78571,0.86237,0.72098,0.8673,0.60714,0.6368,0.47548,0.70547,3.70604,0.54499,0.57245,1.2139,0.00188969,0.00188969,0.00188969
41,206.965,0.75024,3.39131,0.50509,0.65703,1.15358,0.92036,0.82549,0.88061,0.72582,0.82721,0.59855,0.63317,0.42198,0.69587,3.84747,0.57742,0.596,1.25027,0.00188686,0.00188686,0.00188686
42,211.684,0.72615,3.53833,0.50419,0.63618,1.12669,0.85972,0.76609,0.84847,0.70755,0.81209,0.625,0.6123,0.41835,0.68735,3.74235,0.54725,0.65755,1.19295,0.00188403,0.00188403,0.00188403
43,216.362,0.70898,3.30506,0.50776,0.61907,1.13245,0.84045,0.82143,0.8465,0.71376,0.87126,0.60429,0.62417,0.45333,0.69141,3.8613,0.53956,0.6295,1.17395,0.0018812,0.0018812,0.0018812
44,221.085,0.73824,3.41677,0.51041,0.63676,1.15123,0.94682,0.78571,0.8908,0.76566,0.74855,0.638,0.63553,0.46652,0.60362,3.59655,0.54604,0.50247,1.15127,0.00187837,0.00187837,0.00187837
45,225.805,0.72324,3.2326,0.49791,0.62313,1.12699,0.93169,0.73075,0.83293,0.70976,0.87491,0.62451,0.6522,0.43969,0.62414,3.78276,0.53573,0.6303,1.15473,0.00187554,0.00187554,0.00187554
46,230.538,0.71854,3.52229,0.50113,0.61991,1.11967,0.87195,0.78571,0.87967,0.7272,0.76879,0.60714,0.60212,0.43352,0.63961,3.67273,0.54189,0.62796,1.17404,0.00187271,0.00187271,0.00187271
47,235.302,0.74112,3.39346,0.50467,0.62817,1.13168,0.85675,0.80357,0.81586,0.69146,0.83987,0.60714,0.62628,0.50091,0.63373,3.69274,0.53947,0.64555,1.23543,0.00186989,0.00186989,0.00186989
48,240.082,0.69435,3.24018,0.49308,0.6078,1.10703,0.87811,0.77191,0.84634,0.70216,0.84448,0.58929,0.6117,0.4195,0.71248,4.01742,0.53461,0.63689,1.27062,0.00186706,0.00186706,0.00186706
49,244.896,0.70358,3.21836,0.49609,0.6145,1.10842,0.90556,0.75,0.85142,0.72513,0.82783,0.58929,0.62418,0.47723,0.61492,3.58411,0.53278,0.58088,1.15998,0.00186423,0.00186423,0.00186423
50,249.638,0.71862,3.19773,0.49103,0.61167,1.12599,0.89893,0.79423,0.84847,0.71594,0.84707,0.59355,0.64141,0.48207,0.60605,3.60134,0.52981,0.53982,1.19484,0.0018614,0.0018614,0.0018614
51,254.419,0.67596,3.18087,0.48823,0.58587,1.10969,0.8866,0.83772,0.86648,0.73226,0.78073,0.63592,0.63297,0.4805,0.62409,3.35646,0.53438,0.54149,1.18099,0.00185857,0.00185857,0.00185857
52,259.216,0.69703,3.04232,0.48365,0.61344,1.11434,0.90969,0.78571,0.85954,0.73868,0.79971,0.57042,0.5705,0.37602,0.59592,3.86834,0.5261,0.53962,1.17511,0.00185574,0.00185574,0.00185574
53,263.993,0.68783,3.02393,0.49125,0.59962,1.10439,0.85296,0.82876,0.86687,0.72482,0.81969,0.56832,0.62509,0.46489,0.6202,3.62805,0.51943,0.57979,1.15655,0.00185291,0.00185291,0.00185291
54,268.835,0.71367,3.23541,0.4877,0.62774,1.12522,0.87449,0.83929,0.88274,0.76653,0.89513,0.625,0.67309,0.47626,0.59597,3.53492,0.5474,0.54387,1.14683,0.00185009,0.00185009,0.00185009
55,273.657,0.68218,3.10848,0.48356,0.59466,1.10448,0.93776,0.83929,0.85619,0.72642,0.80509,0.60714,0.59933,0.44222,0.57724,3.27853,0.51987,0.54418,1.05643,0.00184726,0.00184726,0.00184726
56,278.501,0.7089,3.22093,0.49177,0.61425,1.11215,0.86728,0.76786,0.85371,0.72149,0.87386,0.64286,0.66317,0.43941,0.65008,3.5915,0.49156,0.62198,1.13903,0.00184443,0.00184443,0.00184443
57,283.279,0.67915,3.21122,0.49712,0.58206,1.09718,0.91767,0.80357,0.85256,0.75658,0.87994,0.65447,0.63833,0.48816,0.59237,3.45294,0.53756,0.52951,1.16829,0.0018416,0.0018416,0.0018416
58,288.056,0.67176,3.09961,0.48566,0.58099,1.0892,0.85373,0.83385,0.88576,0.7336,0.84809,0.59829,0.6374,0.42067,0.64325,3.92826,0.53351,0.57252,1.18927,0.00183877,0.00183877,0.00183877
59,292.822,0.67136,3.13453,0.48798,0.58762,1.10202,0.86444,0.80357,0.82734,0.73763,0.81277,0.66071,0.67111,0.50354,0.58094,3.43083,0.5204,0.57116,1.12789,0.00183594,0.00183594,0.00183594
60,297.659,0.67955,2.98354,0.4853,0.58736,1.09373,0.92058,0.82808,0.86457,0.7545,0.85022,0.625,0.65536,0.48911,0.63462,3.53865,0.51172,0.52988,1.23114,0.00183311,0.00183311,0.00183311
61,302.443,0.68882,2.92159,0.48068,0.58893,1.10012,0.89775,0.78395,0.87443,0.73471,0.8374,0.64286,0.65855,0.51162,0.67975,3.37034,0.49055,0.6047,1.15652,0.00183029,0.00183029,0.00183029
62,307.238,0.66538,2.8677,0.47701,0.57736,1.08767,0.88765,0.82143,0.89589,0.76709,0.81387,0.625,0.62664,0.43564,0.58754,3.57065,0.4925,0.52006,1.11335,0.00182746,0.00182746,0.00182746
63,311.996,0.68306,2.96275,0.47495,0.58349,1.10691,0.90517,0.85233,0.90533,0.77312,0.8621,0.625,0.69354,0.50427,0.60518,3.29804,0.49679,0.51502,1.13979,0.00182463,0.00182463,0.00182463
64,316.842,0.6548,2.80051,0.46745,0.5699,1.09094,0.92007,0.80357,0.86922,0.73837,0.82472,0.67226,0.69379,0.51501,0.59128,3.6292,0.50814,0.52464,1.13438,0.0018218,0.0018218,0.0018218
65,321.573,0.67352,2.91054,0.47809,0.59094,1.08876,0.92742,0.75,0.87093,0.74652,0.80969,0.67857,0.68412,0.53707,0.59336,3.43008,0.48906,0.51972,1.15024,0.00181897,0.00181897,0.00181897
66,326.371,0.64863,2.8929,0.46828,0.57511,1.08469,0.878,0.80357,0.87045,0.74557,0.83113,0.60714,0.66437,0.50998,0.58056,3.39005,0.51363,0.57911,1.12974,0.00181614,0.00181614,0.00181614
67,331.155,0.63275,2.91039,0.46759,0.55926,1.06415,0.81112,0.84359,0.86602,0.70522,0.80725,0.59839,0.66687,0.48944,0.6484,3.37828,0.49809,0.69221,1.21498,0.00181331,0.00181331,0.00181331
68,335.909,0.6646,2.93247,0.47456,0.57358,1.08817,0.86266,0.89734,0.92966,0.8002,0.84619,0.60714,0.64173,0.49657,0.56682,3.53752,0.50864,0.45185,1.10558,0.00181049,0.00181049,0.00181049
69,340.701,0.64244,2.8158,0.46197,0.5563,1.06967,0.86839,0.89286,0.8941,0.74502,0.84757,0.64286,0.66989,0.48919,0.60988,3.29548,0.5084,0.48523,1.18477,0.00180766,0.00180766,0.00180766
70,345.527,0.66095,2.74777,0.46325,0.56463,1.07782,0.91663,0.78535,0.8481,0.73183,0.89587,0.58929,0.64838,0.49387,0.59944,3.5055,0.49599,0.60235,1.13554,0.00180483,0.00180483,0.00180483
71,350.372,0.64411,2.80354,0.4637,0.55727,1.07179,0.90287,0.75,0.85043,0.69727,0.8695,0.625,0.63598,0.48766,0.68943,3.57323,0.51465,0.61563,1.21033,0.001802,0.001802,0.001802
72,355.239,0.64679,2.93494,0.4722,0.55491,1.07864,0.85791,0.86262,0.8778,0.74249,0.81451,0.62733,0.63738,0.46969,0.57594,3.41482,0.49717,0.50098,1.15478,0.00179917,0.00179917,0.00179917
73,360.07,0.64832,2.76239,0.47191,0.56424,1.06721,0.93879,0.8217,0.86612,0.75742,0.85179,0.64286,0.63713,0.51402,0.55544,3.26754,0.51377,0.58076,1.14686,0.00179634,0.00179634,0.00179634
74,364.901,0.64835,2.77572,0.46654,0.56667,1.08183,0.94548,0.73214,0.86264,0.74112,0.74797,0.68902,0.64408,0.4561,0.56158,3.41211,0.4693,0.50835,1.11529,0.00179351,0.00179351,0.00179351
75,369.736,0.65021,2.78999,0.46282,0.56034,1.07918,0.89058,0.87213,0.88376,0.76732,0.80113,0.625,0.68396,0.52051,0.53602,3.27755,0.49108,0.47395,1.12391,0.00179069,0.00179069,0.00179069
76,374.605,0.64205,2.93764,0.46692,0.55952,1.0731,0.88868,0.875,0.89997,0.77473,0.89489,0.60817,0.68581,0.51622,0.63057,3.36688,0.48756,0.5125,1.22001,0.00178786,0.00178786,0.00178786
77,379.371,0.63161,2.76749,0.4589,0.54282,1.08139,0.89751,0.83929,0.90106,0.76749,0.8164,0.58929,0.61418,0.46706,0.60274,3.4579,0.50869,0.51715,1.16804,0.00178503,0.00178503,0.00178503
78,384.174,0.66693,2.85799,0.45821,0.57141,1.08815,0.93579,0.80357,0.86887,0.73024,0.78833,0.66071,0.67058,0.51266,0.62834,3.29559,0.49213,0.56887,1.14247,0.0017822,0.0017822,0.0017822
79,388.902,0.63771,2.79956,0.46326,0.54922,1.07038,0.86293,0.83929,0.88639,0.78144,0.82833,0.67857,0.67529,0.48235,0.55003,3.30477,0.50724,0.48518,1.08822,0.00177937,0.00177937,0.00177937
80,393.775,0.61851,2.71627,0.46283,0.54132,1.05393,0.90846,0.82143,0.85557,0.72914,0.81689,0.64286,0.63802,0.48158,0.58157,3.3125,0.49006,0.53218,1.12294,0.00177654,0.00177654,0.00177654
81,398.565,0.631,2.63776,0.45549,0.54025,1.07072,0.8483,0.83929,0.87721,0.74589,0.85994,0.64286,0.67082,0.49167,0.61565,3.49982,0.49098,0.56435,1.1453,0.00177371,0.00177371,0.00177371
82,403.372,0.63374,2.65554,0.46103,0.53954,1.05203,0.95718,0.79846,0.87411,0.74767,0.83085,0.60714,0.63482,0.51376,0.58049,3.36617,0.50487,0.51585,1.1424,0.00177089,0.00177089,0.00177089
83,408.19,0.62811,2.54134,0.4473,0.54583,1.06661,0.93469,0.85714,0.90069,0.75536,0.76667,0.70417,0.69817,0.53635,0.59899,3.25779,0.49669,0.48212,1.13002,0.00176806,0.00176806,0.00176806
84,413.029,0.63447,2.65389,0.45731,0.54494,1.06867,0.94495,0.82143,0.86191,0.74001,0.83312,0.62406,0.65932,0.52515,0.61374,3.19733,0.50122,0.51506,1.13681,0.00176523,0.00176523,0.00176523
85,417.866,0.65223,2.76328,0.46463,0.54655,1.07108,0.79975,0.85584,0.85937,0.74031,0.82253,0.64286,0.62336,0.49688,0.56463,3.22968,0.50758,0.5784,1.17687,0.0017624,0.0017624,0.0017624
86,422.643,0.63311,2.66337,0.45698,0.53291,1.06287,0.79431,0.80357,0.80042,0.68512,0.74733,0.66071,0.63863,0.53409,0.61055,3.21348,0.47988,0.65234,1.16016,0.00175957,0.00175957,0.00175957
87,427.426,0.63143,2.63959,0.45692,0.53267,1.06456,0.89875,0.85714,0.87342,0.74981,0.80431,0.64286,0.64651,0.49365,0.56886,3.19874,0.48846,0.49818,1.14004,0.00175674,0.00175674,0.00175674
88,432.276,0.62127,2.5427,0.4492,0.54477,1.06312,0.93599,0.83929,0.90782,0.76604,0.85428,0.625,0.68434,0.56092,0.59704,3.22813,0.48693,0.45347,1.15641,0.00175391,0.00175391,0.00175391
89,437.126,0.61585,2.6972,0.45451,0.52647,1.05329,0.9106,0.82143,0.84708,0.73527,0.79185,0.67857,0.65679,0.50813,0.6177,3.43181,0.47131,0.5615,1.19715,0.00175109,0.00175109,0.00175109
90,441.99,0.60381,2.63755,0.45521,0.51839,1.04065,0.94104,0.85506,0.89185,0.76393,0.78261,0.69643,0.6778,0.51325,0.55525,3.38534,0.48753,0.44991,1.10232,0.00174826,0.00174826,0.00174826
91,446.842,0.60272,2.67625,0.45201,0.51826,1.04054,0.88813,0.85714,0.87825,0.75274,0.89713,0.64286,0.67291,0.54949,0.57613,3.11374,0.48211,0.45264,1.12086,0.00174543,0.00174543,0.00174543
92,451.848,0.62045,2.65961,0.4548,0.53639,1.04389,0.94714,0.76786,0.88809,0.74748,0.7788,0.69643,0.64044,0.46972,0.59324,3.37486,0.5061,0.49688,1.1388,0.0017426,0.0017426,0.0017426
93,456.804,0.60432,2.5544,0.44831,0.52377,1.04428,0.93844,0.81669,0.89866,0.77976,0.83905,0.65172,0.65816,0.53968,0.55454,3.32382,0.48371,0.47861,1.12538,0.00173977,0.00173977,0.00173977
94,461.689,0.5902,2.63083,0.45397,0.50831,1.03638,0.87077,0.89286,0.87735,0.74953,0.82414,0.625,0.64645,0.51753,0.57603,3.06644,0.48476,0.51109,1.12352,0.00173694,0.00173694,0.00173694
95,466.576,0.63802,2.58039,0.45459,0.54671,1.06677,0.93295,0.85714,0.89224,0.77511,0.82884,0.625,0.66139,0.52915,0.54806,3.21462,0.49436,0.45865,1.06813,0.00173411,0.00173411,0.00173411
96,471.538,0.60908,2.57354,0.44259,0.53506,1.05105,0.81976,0.89339,0.88546,0.75838,0.87279,0.625,0.65282,0.54131,0.5547,3.35424,0.49344,0.4445,1.11818,0.00173129,0.00173129,0.00173129
97,476.395,0.60635,2.53121,0.43978,0.52839,1.0535,0.89717,0.83929,0.86764,0.75936,0.75054,0.64476,0.62619,0.49156,0.54553,3.36831,0.4863,0.48392,1.09089,0.00172846,0.00172846,0.00172846
98,481.666,0.60226,2.49803,0.44424,0.51359,1.0494,0.9012,0.81452,0.89243,0.75119,0.87985,0.65392,0.66927,0.55264,0.55176,3.20139,0.48188,0.49785,1.08389,0.00172563,0.00172563,0.00172563
99,486.501,0.59617,2.62319,0.44469,0.52331,1.04102,0.84473,0.875,0.87346,0.76522,0.80538,0.67857,0.66365,0.51374,0.55787,3.16058,0.47499,0.55872,1.10136,0.0017228,0.0017228,0.0017228
100,491.312,0.56994,2.39573,0.43328,0.49696,1.02836,0.96065,0.87183,0.8912,0.75704,0.84241,0.66071,0.67396,0.53352,0.57225,3.29206,0.46026,0.48063,1.11402,0.00171997,0.00171997,0.00171997
101,496.058,0.58238,2.49177,0.44609,0.50174,1.0416,0.89536,0.83929,0.90383,0.7921,0.83003,0.67857,0.73035,0.58818,0.52208,3.04869,0.47341,0.43944,1.10033,0.00171714,0.00171714,0.00171714
102,500.866,0.59636,2.42711,0.4344,0.50462,1.04269,0.95346,0.7317,0.86453,0.75827,0.86542,0.66071,0.67019,0.52311,0.59994,3.29483,0.48209,0.53522,1.21519,0.00171431,0.00171431,0.00171431
103,505.666,0.57141,2.67149,0.4428,0.50474,1.02189,0.92287,0.85471,0.88373,0.78977,0.78246,0.70661,0.69988,0.53912,0.51609,3.19976,0.49166,0.4461,1.0777,0.00171149,0.00171149,0.00171149
104,510.422,0.60378,2.52103,0.44166,0.51156,1.04509,0.90361,0.83707,0.86952,0.775,0.80552,0.67857,0.64409,0.4981,0.51505,3.24323,0.48012,0.45166,1.05755,0.00170866,0.00170866,0.00170866
105,515.162,0.61234,2.55446,0.43823,0.52101,1.0478,0.89078,0.91071,0.91197,0.79699,0.83255,0.64286,0.67377,0.51023,0.49615,3.16989,0.477,0.41775,1.06679,0.00170583,0.00170583,0.00170583
106,519.965,0.59043,2.55376,0.44448,0.50857,1.04155,0.89055,0.87186,0.91575,0.79166,0.81195,0.66071,0.6644,0.50663,0.5443,3.25185,0.47708,0.4522,1.12792,0.001703,0.001703,0.001703
107,524.743,0.5959,2.50705,0.44152,0.50861,1.04036,0.90724,0.83929,0.87411,0.76057,0.71378,0.66808,0.65147,0.49418,0.57119,3.21814,0.47316,0.45965,1.21121,0.00170017,0.00170017,0.00170017
108,529.594,0.5856,2.55154,0.44446,0.51221,1.03264,0.84354,0.86657,0.88253,0.77963,0.8135,0.70108,0.71056,0.54878,0.53552,3.12013,0.47588,0.46643,1.09129,0.00169734,0.00169734,0.00169734
109,534.371,0.56416,2.54045,0.4414,0.4921,1.01795,0.92568,0.88975,0.89662,0.78095,0.81171,0.69643,0.70117,0.51701,0.54555,3.05325,0.4798,0.45422,1.07267,0.00169451,0.00169451,0.00169451
110,539.166,0.57462,2.41457,0.4252,0.50711,1.02987,0.85928,0.87234,0.88168,0.7537,0.85702,0.64221,0.65305,0.51757,0.60698,3.16361,0.47883,0.43433,1.24072,0.00169169,0.00169169,0.00169169
111,543.988,0.58259,2.57843,0.4453,0.5107,1.02905,0.90305,0.83178,0.90111,0.77348,0.87141,0.66071,0.67663,0.53335,0.55062,3.13646,0.45471,0.49649,1.08924,0.00168886,0.00168886,0.00168886
112,548.728,0.5668,2.43949,0.43136,0.48722,1.02094,0.91021,0.91071,0.90207,0.78647,0.83772,0.64533,0.69579,0.56733,0.50242,3.08708,0.47948,0.41822,1.0678,0.00168603,0.00168603,0.00168603
113,553.503,0.58836,2.35914,0.43121,0.50837,1.04541,0.88721,0.875,0.89928,0.77897,0.8743,0.69643,0.72561,0.5581,0.54476,3.10294,0.47974,0.43118,1.13862,0.0016832,0.0016832,0.0016832
114,558.266,0.59052,2.45051,0.43515,0.50348,1.03443,0.90666,0.82143,0.905,0.76531,0.8742,0.71429,0.73033,0.50285,0.58291,3.15979,0.4775,0.48955,1.12995,0.00168037,0.00168037,0.00168037
115,563.114,0.58251,2.36439,0.42912,0.50151,1.03286,0.89011,0.86789,0.868,0.77197,0.83857,0.69643,0.69087,0.55902,0.5262,3.16202,0.48225,0.43709,1.09523,0.00167754,0.00167754,0.00167754
116,567.914,0.56999,2.34357,0.43308,0.4902,1.02145,0.87565,0.88029,0.8868,0.77209,0.83257,0.69643,0.67367,0.55167,0.53579,3.32292,0.47972,0.47264,1.11066,0.00167471,0.00167471,0.00167471
117,572.781,0.60183,2.4434,0.43534,0.5126,1.04847,0.95888,0.76786,0.85991,0.75214,0.80943,0.68267,0.70155,0.52402,0.59181,3.34125,0.5116,0.47024,1.17962,0.00167189,0.00167189,0.00167189
118,577.597,0.5883,2.55643,0.44007,0.5097,1.0345,0.91147,0.80357,0.87057,0.75971,0.75968,0.67742,0.63417,0.52973,0.58079,3.2081,0.47156,0.46159,1.17936,0.00166906,0.00166906,0.00166906
119,582.421,0.56943,2.35632,0.43127,0.47666,1.01782,0.87433,0.875,0.89711,0.77757,0.78942,0.64286,0.63596,0.4893,0.51513,3.37329,0.47939,0.45139,1.1566,0.00166623,0.00166623,0.00166623
120,587.252,0.589,2.52867,0.4408,0.51067,1.03458,0.93867,0.82001,0.88898,0.77586,0.79557,0.69643,0.66793,0.53473,0.51889,3.01625,0.48087,0.41882,1.08553,0.0016634,0.0016634,0.0016634
121,592.02,0.56543,2.3981,0.43151,0.49042,1.02188,0.93774,0.875,0.89323,0.77749,0.83036,0.64286,0.70706,0.57227,0.55208,3.07314,0.48278,0.46379,1.1358,0.00166057,0.00166057,0.00166057
122,596.924,0.56009,2.29311,0.42848,0.48284,1.02152,0.9426,0.87975,0.92488,0.78805,0.846,0.68678,0.71789,0.53242,0.54218,3.12287,0.4792,0.42825,1.12018,0.00165774,0.00165774,0.00165774
123,601.736,0.56573,2.18754,0.4303,0.47855,1.01519,0.86351,0.82143,0.83749,0.73715,0.85757,0.71429,0.71561,0.53976,0.55449,3.04161,0.46856,0.49022,1.1637,0.00165491,0.00165491,0.00165491
124,606.583,0.57051,2.51322,0.43904,0.49785,1.0275,0.93985,0.83716,0.88019,0.77499,0.79982,0.66071,0.67152,0.53147,0.49518,3.03158,0.48975,0.39671,1.08841,0.00165209,0.00165209,0.00165209
125,611.384,0.57697,2.51928,0.43527,0.49958,1.01746,0.88292,0.875,0.89986,0.77832,0.80802,0.67646,0.66959,0.52315,0.53534,3.05458,0.47822,0.45405,1.1163,0.00164926,0.00164926,0.00164926
